{
  "stationList": [
    {
      "id": "8dd94a40-f7d3-11eb-b943-f997e8556a21",
      "name": "Dunmanway",
      "lat": "20",
      "lng": "20",
      "readings": [
        {
          "id": "9438c280-f7d3-11eb-b943-f997e8556a21",
          "code": "100",
          "temp": "20",
          "windSpeed": "20",
          "windDirection": "20",
          "pressure": "20"
        }
      ],
      "latestReading": {
        "id": "9438c280-f7d3-11eb-b943-f997e8556a21",
        "code": "100",
        "temp": "20",
        "windSpeed": "20",
        "windDirection": "20",
        "pressure": "20"
      },
      "weatherCode": "Clear",
      "iconClass": "sun icon",
      "fahrenheit": 68,
      "beaufort": 4,
      "windDirection": "North North East",
      "windChill": 18.79,
      "minTemp": "20",
      "maxTemp": "20",
      "minWind": "20",
      "maxWind": "20",
      "minPressure": "20",
      "maxPressure": "20"
    },
    {
      "id": "d0aeb4d0-f7d4-11eb-b18b-11efeed361e6",
      "userid": "3ad52697-6d98-4d80-8273-084de55a86c0",
      "name": "Dunmanway",
      "lat": "11",
      "lng": "11",
      "readings": [
        {
          "id": "88572850-f844-11eb-ac8f-09666d86c794",
          "code": "100",
          "temp": "20",
          "windSpeed": "20",
          "windDirection": "20",
          "pressure": "20"
        }
      ],
      "latestReading": {
        "id": "88572850-f844-11eb-ac8f-09666d86c794",
        "code": "100",
        "temp": "20",
        "windSpeed": "20",
        "windDirection": "20",
        "pressure": "20"
      },
      "weatherCode": "Clear",
      "iconClass": "sun icon",
      "fahrenheit": 68,
      "beaufort": 4,
      "windDirection": "North North East",
      "windChill": 18.79,
      "minTemp": "20",
      "maxTemp": "20",
      "minWind": "20",
      "maxWind": "20",
      "minPressure": "20",
      "maxPressure": "20"
    },
    {
      "id": "17ecd140-f845-11eb-9f36-a3ee30f5ea47",
      "userid": "3ad52697-6d98-4d80-8273-084de55a86c0",
      "name": "Dungarvan",
      "lat": "33",
      "lng": "170",
      "readings": [
        {
          "id": "23bb4740-f845-11eb-9f36-a3ee30f5ea47",
          "code": "300",
          "temp": "33",
          "windSpeed": "20",
          "windDirection": "150",
          "pressure": "1000"
        },
        {
          "id": "30d04700-f845-11eb-9f36-a3ee30f5ea47",
          "code": "100",
          "temp": "44",
          "windSpeed": "25",
          "windDirection": "105",
          "pressure": "1005"
        }
      ]
    }
  ]
}