{
  "users": [
    {
      "firstName": "homer",
      "lastName": "simpson",
      "email": "homer@simpson.com",
      "password": "secret",
      "id": "3ad52697-6d98-4d80-8273-084de55a86c0"
    },
    {
      "firstName": "marge",
      "lastName": "simpson",
      "email": "marge@simpson.com",
      "password": "secret",
      "id": "2b6f0989-7b7f-4a38-ad26-aa06b922d751"
    },
    {
      "firstName": "Margaret",
      "lastName": "McCarthy",
      "email": "devstmags@gmail.com",
      "password": "hello",
      "id": "850d8cf0-f7d3-11eb-b943-f997e8556a21"
    }
  ]
}