{
  "stationList": [
    {
      "id": "10",
      "name": "Tramore",
      "readings": [
        {
          "id": "01",
          "code": "100",
          "temp": "10",
          "windSpeed": "100",
          "pressure": "1000"
        },
        {
          "id": "02",
          "code": "200",
          "temp": "20",
          "windSpeed": "22",
          "pressure": "2000"
        },
        {
          "id": "03",
          "code": "300",
          "temp": "30",
          "windSpeed": "33",
          "pressure": "1333"
        },
        {
          "id": "3045e9f0-f798-11eb-9023-21d0e3a37bab",
          "code": "100",
          "windSpeed": "111",
          "pressure": "111"
        },
        {
          "id": "3acc4f90-f798-11eb-9023-21d0e3a37bab",
          "code": "100",
          "windSpeed": "2",
          "pressure": "222"
        },
        {
          "id": "c2f974b0-f798-11eb-93df-7da7ccc5d822",
          "code": "100",
          "temp": "11",
          "windSpeed": "111",
          "windDirection": "360",
          "pressure": "1111"
        },
        {
          "id": "8cac2140-f799-11eb-aa95-2348c259e86d",
          "code": "100",
          "temp": "10",
          "windSpeed": "10",
          "windDirection": "10",
          "pressure": "10"
        }
      ],
      "latestReading": {
        "id": "8cac2140-f799-11eb-aa95-2348c259e86d",
        "code": "100",
        "temp": "10",
        "windSpeed": "10",
        "windDirection": "10",
        "pressure": "10"
      },
      "weatherCode": "Clear",
      "iconClass": "sun icon",
      "fahrenheit": 50,
      "beaufort": 2,
      "windDirection": "North",
      "windChill": 5.49
    },
    {
      "id": "20",
      "name": "Ardmore",
      "readings": [
        {
          "id": "04",
          "code": "123",
          "temp": "12",
          "windSpeed": "112",
          "pressure": "200"
        },
        {
          "id": "05",
          "code": "600",
          "temp": "40",
          "windSpeed": "100",
          "pressure": "1211"
        },
        {
          "id": "06",
          "code": "500",
          "temp": "05",
          "windSpeed": "80",
          "pressure": "2310"
        },
        {
          "id": "6d1674d0-f798-11eb-9023-21d0e3a37bab",
          "code": "100",
          "temp": "1",
          "windSpeed": "2",
          "pressure": "4"
        }
      ],
      "latestReading": {
        "id": "6d1674d0-f798-11eb-9023-21d0e3a37bab",
        "code": "100",
        "temp": "1",
        "windSpeed": "2",
        "pressure": "4"
      },
      "weatherCode": "Clear",
      "iconClass": "sun icon",
      "fahrenheit": 33.8,
      "beaufort": 1,
      "windDirection": "Error",
      "windChill": -5.53
    },
    {
      "id": "ce6deb30-f795-11eb-8094-dffc3ec34c2d",
      "readings": []
    },
    {
      "id": "540215f0-f796-11eb-9023-21d0e3a37bab",
      "name": "Dungarven",
      "readings": [
        {
          "id": "eb8a2bd0-f799-11eb-aa95-2348c259e86d",
          "code": "100",
          "temp": "20",
          "windSpeed": "15",
          "windDirection": "180",
          "pressure": "200"
        }
      ],
      "latestReading": {
        "id": "eb8a2bd0-f799-11eb-aa95-2348c259e86d",
        "code": "100",
        "temp": "20",
        "windSpeed": "15",
        "windDirection": "180",
        "pressure": "200"
      },
      "weatherCode": "Clear",
      "iconClass": "sun icon",
      "fahrenheit": 68,
      "beaufort": 3,
      "windDirection": "South",
      "windChill": 18.79
    },
    {
      "id": "1fa9def0-f79b-11eb-807e-e9506e371321",
      "name": "Kinsale",
      "readings": [
        {
          "id": "30b1ead0-f79b-11eb-807e-e9506e371321",
          "code": "800",
          "temp": "40",
          "windSpeed": "117",
          "windDirection": "250",
          "pressure": "1000"
        }
      ]
    }
  ]
}